{"cameraMode":{"drawMode":0,"name":"Shaded","section":"Shading Mode"},"sceneLighting":false,"audioPlay":false,"sceneViewState":{"m_AlwaysRefresh":false,"showFog":true,"showSkybox":false,"showFlares":true,"showImageEffects":true,"showParticleSystems":true,"showVisualEffectGraphs":true,"m_FxEnabled":true},"in2DMode":false,"pivot":{"x":-13.457798957824707,"y":-1.4553229808807374,"z":25.276613235473634},"rotation":{"x":0.042753081768751147,"y":0.3365462124347687,"z":-0.014015035703778267,"w":0.9402227997779846},"size":20.655027389526368,"orthographic":false}