{"cameraMode":{"drawMode":0,"name":"Shaded","section":"Shading Mode"},"sceneLighting":false,"audioPlay":false,"sceneViewState":{"m_AlwaysRefresh":false,"showFog":true,"showSkybox":false,"showFlares":true,"showImageEffects":true,"showParticleSystems":true,"showVisualEffectGraphs":true,"m_FxEnabled":true},"in2DMode":false,"pivot":{"x":-13.228443145751954,"y":1.3252447843551636,"z":15.218281745910645},"rotation":{"x":-0.04084104299545288,"y":0.8249325752258301,"z":-0.057792551815509799,"w":-0.5608938336372376},"size":1.312591314315796,"orthographic":false}