{"cameraMode":{"drawMode":0,"name":"Shaded","section":"Shading Mode"},"sceneLighting":false,"audioPlay":false,"sceneViewState":{"m_AlwaysRefresh":false,"showFog":true,"showSkybox":false,"showFlares":true,"showImageEffects":true,"showParticleSystems":true,"showVisualEffectGraphs":true,"m_FxEnabled":true},"in2DMode":false,"pivot":{"x":-20.939321517944337,"y":2.4293394088745119,"z":-19.517396926879884},"rotation":{"x":0.03482096642255783,"y":-0.9653283357620239,"z":0.15772606432437898,"w":0.20260974764823914},"size":0.8660253882408142,"orthographic":false}