{"cameraMode":{"drawMode":0,"name":"Shaded","section":"Shading Mode"},"sceneLighting":true,"audioPlay":false,"sceneViewState":{"m_AlwaysRefresh":false,"showFog":true,"showSkybox":true,"showFlares":true,"showImageEffects":true,"showParticleSystems":true,"showVisualEffectGraphs":true,"m_FxEnabled":true},"in2DMode":false,"pivot":{"x":11.330853462219239,"y":5.596086025238037,"z":10.769844055175782},"rotation":{"x":0.023578952997922899,"y":-0.9746947884559631,"z":0.16131027042865754,"w":0.15071752667427064},"size":0.8660253882408142,"orthographic":false}