{"cameraMode":{"drawMode":0,"name":"Shaded","section":"Shading Mode"},"sceneLighting":true,"audioPlay":false,"sceneViewState":{"m_AlwaysRefresh":false,"showFog":true,"showSkybox":true,"showFlares":true,"showImageEffects":true,"showParticleSystems":true,"showVisualEffectGraphs":true,"m_FxEnabled":true},"in2DMode":false,"pivot":{"x":-2.111248016357422,"y":1.3654552698135377,"z":5.0745768547058109},"rotation":{"x":-0.025741469115018846,"y":0.7027983069419861,"z":-0.027277670800685884,"w":-0.7099090814590454},"size":1.546675205230713,"orthographic":false}