{"cameraMode":{"drawMode":0,"name":"Shaded","section":"Shading Mode"},"sceneLighting":true,"audioPlay":false,"sceneViewState":{"m_AlwaysRefresh":false,"showFog":true,"showSkybox":true,"showFlares":true,"showImageEffects":true,"showParticleSystems":true,"showVisualEffectGraphs":true,"m_FxEnabled":true},"in2DMode":false,"pivot":{"x":-46.50044631958008,"y":0.43690580129623415,"z":-273.79840087890627},"rotation":{"x":0.002526723314076662,"y":-0.3483014404773712,"z":-0.0009513185941614211,"w":-0.9373053908348084},"size":12.12435531616211,"orthographic":false}