{"cameraMode":{"drawMode":0,"name":"Shaded","section":"Shading Mode"},"sceneLighting":true,"audioPlay":false,"sceneViewState":{"m_AlwaysRefresh":false,"showFog":true,"showSkybox":true,"showFlares":true,"showImageEffects":true,"showParticleSystems":true,"showVisualEffectGraphs":true,"m_FxEnabled":true},"in2DMode":false,"pivot":{"x":-0.4409934878349304,"y":1.7398045063018799,"z":7.387999057769775},"rotation":{"x":0.020917708054184915,"y":0.9751148223876953,"z":-0.11133668571710587,"w":0.18824101984500886},"size":0.29580405354499819,"orthographic":false}