{"cameraMode":{"drawMode":0,"name":"Shaded","section":"Shading Mode"},"sceneLighting":true,"audioPlay":false,"sceneViewState":{"m_AlwaysRefresh":false,"showFog":true,"showSkybox":true,"showFlares":true,"showImageEffects":true,"showParticleSystems":true,"showVisualEffectGraphs":true,"m_FxEnabled":true},"in2DMode":false,"pivot":{"x":11.064488410949707,"y":17.262264251708986,"z":18.8964900970459},"rotation":{"x":0.006853657308965921,"y":-0.9677208662033081,"z":0.24947060644626618,"w":0.025144001469016076},"size":3.1898112297058107,"orthographic":false}