{"cameraMode":{"drawMode":0,"name":"Shaded","section":"Shading Mode"},"sceneLighting":true,"audioPlay":false,"sceneViewState":{"m_AlwaysRefresh":false,"showFog":true,"showSkybox":true,"showFlares":true,"showImageEffects":true,"showParticleSystems":true,"showVisualEffectGraphs":true,"m_FxEnabled":true},"in2DMode":false,"pivot":{"x":1.2503774166107178,"y":16.377790451049806,"z":-4.133800983428955},"rotation":{"x":0.3547188937664032,"y":0.3169110119342804,"z":-0.12939870357513429,"w":0.8697132468223572},"size":2.1373465061187746,"orthographic":false}