{"cameraMode":{"drawMode":0,"name":"Shaded","section":"Shading Mode"},"sceneLighting":true,"audioPlay":false,"sceneViewState":{"m_AlwaysRefresh":false,"showFog":true,"showSkybox":true,"showFlares":true,"showImageEffects":true,"showParticleSystems":true,"showVisualEffectGraphs":true,"m_FxEnabled":true},"in2DMode":false,"pivot":{"x":-25.195314407348634,"y":-3.2295379638671877,"z":-55.768062591552737},"rotation":{"x":0.07543256878852844,"y":-0.7891774773597717,"z":0.10271341353654862,"w":0.6002919673919678},"size":22.61905860900879,"orthographic":false}