{"cameraMode":{"drawMode":0,"name":"Shaded","section":"Shading Mode"},"sceneLighting":true,"audioPlay":false,"sceneViewState":{"m_AlwaysRefresh":false,"showFog":true,"showSkybox":true,"showFlares":true,"showImageEffects":true,"showParticleSystems":true,"showVisualEffectGraphs":true,"m_FxEnabled":true},"in2DMode":false,"pivot":{"x":86.94523620605469,"y":-1.5313047170639039,"z":138.36639404296876},"rotation":{"x":-0.01780722476541996,"y":-0.5828793048858643,"z":0.014308775775134564,"w":-0.8123411536216736},"size":70.71067810058594,"orthographic":false}