{"cameraMode":{"drawMode":0,"name":"Shaded","section":"Shading Mode"},"sceneLighting":true,"audioPlay":false,"sceneViewState":{"m_AlwaysRefresh":false,"showFog":true,"showSkybox":true,"showFlares":true,"showImageEffects":true,"showParticleSystems":true,"showVisualEffectGraphs":true,"m_FxEnabled":true},"in2DMode":false,"pivot":{"x":-77.47884368896485,"y":36.65119552612305,"z":342.5880126953125},"rotation":{"x":0.3565770387649536,"y":-0.26103338599205019,"z":0.14173145592212678,"w":0.8859003186225891},"size":0.21471410989761353,"orthographic":false}