{"cameraMode":{"drawMode":0,"name":"Shaded","section":"Shading Mode"},"sceneLighting":true,"audioPlay":false,"sceneViewState":{"m_AlwaysRefresh":false,"showFog":true,"showSkybox":true,"showFlares":true,"showImageEffects":true,"showParticleSystems":true,"showVisualEffectGraphs":true,"m_FxEnabled":true},"in2DMode":false,"pivot":{"x":2.7507786750793459,"y":0.16998249292373658,"z":5.361020088195801},"rotation":{"x":-0.12400706857442856,"y":0.32577845454216006,"z":-0.04491063952445984,"w":-0.9358726739883423},"size":1.8356797695159913,"orthographic":false}