{"cameraMode":{"drawMode":0,"name":"Shaded","section":"Shading Mode"},"sceneLighting":true,"audioPlay":false,"sceneViewState":{"m_AlwaysRefresh":false,"showFog":true,"showSkybox":true,"showFlares":true,"showImageEffects":true,"showParticleSystems":true,"showVisualEffectGraphs":true,"m_FxEnabled":true},"in2DMode":false,"pivot":{"x":14.855048179626465,"y":3.181257963180542,"z":3.2885284423828127},"rotation":{"x":0.03831342235207558,"y":-0.9495692849159241,"z":0.2830848693847656,"w":0.1264602094888687},"size":3.1898112297058107,"orthographic":false}