{"cameraMode":{"drawMode":0,"name":"Shaded","section":"Shading Mode"},"sceneLighting":true,"audioPlay":false,"sceneViewState":{"m_AlwaysRefresh":false,"showFog":true,"showSkybox":true,"showFlares":true,"showImageEffects":true,"showParticleSystems":true,"showVisualEffectGraphs":true,"m_FxEnabled":true},"in2DMode":false,"pivot":{"x":-95.17929077148438,"y":50.78742980957031,"z":520.2792358398438},"rotation":{"x":0.0051879133097827438,"y":0.9932557940483093,"z":-0.04952176660299301,"w":0.10529825091362},"size":0.08313022553920746,"orthographic":false}