{"cameraMode":{"drawMode":0,"name":"Shaded","section":"Shading Mode"},"sceneLighting":true,"audioPlay":false,"sceneViewState":{"m_AlwaysRefresh":false,"showFog":true,"showSkybox":true,"showFlares":true,"showImageEffects":true,"showParticleSystems":true,"showVisualEffectGraphs":true,"m_FxEnabled":true},"in2DMode":false,"pivot":{"x":0.7608424425125122,"y":1.1400445699691773,"z":6.869308948516846},"rotation":{"x":-0.10969626158475876,"y":0.36990657448768618,"z":-0.044833604246377948,"w":-0.9212387800216675},"size":3.8242783546447756,"orthographic":false}