{"cameraMode":{"drawMode":0,"name":"Shaded","section":"Shading Mode"},"sceneLighting":false,"audioPlay":false,"sceneViewState":{"m_AlwaysRefresh":false,"showFog":true,"showSkybox":false,"showFlares":true,"showImageEffects":true,"showParticleSystems":true,"showVisualEffectGraphs":true,"m_FxEnabled":true},"in2DMode":false,"pivot":{"x":-21.259126663208009,"y":1.4403488636016846,"z":-11.422176361083985},"rotation":{"x":-0.030106760561466218,"y":0.9745954275131226,"z":-0.11011958867311478,"w":-0.19686244428157807},"size":0.4330126941204071,"orthographic":false}