{"cameraMode":{"drawMode":0,"name":"Shaded","section":"Shading Mode"},"sceneLighting":false,"audioPlay":false,"sceneViewState":{"m_AlwaysRefresh":false,"showFog":true,"showSkybox":false,"showFlares":true,"showImageEffects":true,"showParticleSystems":true,"showVisualEffectGraphs":true,"m_FxEnabled":true},"in2DMode":false,"pivot":{"x":20.984092712402345,"y":-14.7146577835083,"z":-40.483089447021487},"rotation":{"x":0.02814655378460884,"y":0.9615486264228821,"z":-0.14864523708820344,"w":0.23271958529949189},"size":24.606483459472658,"orthographic":false}