{"cameraMode":{"drawMode":0,"name":"Shaded","section":"Shading Mode"},"sceneLighting":false,"audioPlay":false,"sceneViewState":{"m_AlwaysRefresh":false,"showFog":true,"showSkybox":false,"showFlares":true,"showImageEffects":true,"showParticleSystems":true,"showVisualEffectGraphs":true,"m_FxEnabled":true},"in2DMode":false,"pivot":{"x":12.003046035766602,"y":-8.970602035522461,"z":-44.93976593017578},"rotation":{"x":0.003958332352340221,"y":0.9889611005783081,"z":-0.09471136331558228,"w":0.12077897787094116},"size":24.606483459472658,"orthographic":false}