{"cameraMode":{"drawMode":0,"name":"Shaded","section":"Shading Mode"},"sceneLighting":true,"audioPlay":false,"sceneViewState":{"m_AlwaysRefresh":false,"showFog":true,"showSkybox":false,"showFlares":true,"showImageEffects":true,"showParticleSystems":true,"showVisualEffectGraphs":true,"m_FxEnabled":true},"in2DMode":false,"pivot":{"x":-0.1673743575811386,"y":-0.1302085816860199,"z":0.15976691246032716},"rotation":{"x":-0.4585820138454437,"y":-0.19190669059753419,"z":0.10194633901119232,"w":-0.8617548942565918},"size":0.3450854420661926,"orthographic":false}