{"cameraMode":{"drawMode":0,"name":"Shaded","section":"Shading Mode"},"sceneLighting":false,"audioPlay":false,"sceneViewState":{"m_AlwaysRefresh":false,"showFog":true,"showSkybox":false,"showFlares":true,"showImageEffects":true,"showParticleSystems":true,"showVisualEffectGraphs":true,"m_FxEnabled":true},"in2DMode":false,"pivot":{"x":-50.332435607910159,"y":-1.2604594230651856,"z":-19.799070358276368},"rotation":{"x":0.022346312180161477,"y":0.933629035949707,"z":-0.06075553968548775,"w":0.3509838581085205},"size":11.691343307495118,"orthographic":false}