{"cameraMode":{"drawMode":0,"name":"Shaded","section":"Shading Mode"},"sceneLighting":false,"audioPlay":false,"sceneViewState":{"m_AlwaysRefresh":false,"showFog":true,"showSkybox":false,"showFlares":true,"showImageEffects":true,"showParticleSystems":true,"showVisualEffectGraphs":true,"m_FxEnabled":true},"in2DMode":false,"pivot":{"x":-23.118093490600587,"y":1.1892168521881104,"z":-3.201953172683716},"rotation":{"x":-0.012667919509112835,"y":-0.985270082950592,"z":-0.11118662357330322,"w":0.12513063848018647},"size":1.1494555473327637,"orthographic":false}