{"cameraMode":{"drawMode":0,"name":"Shaded","section":"Shading Mode"},"sceneLighting":true,"audioPlay":false,"sceneViewState":{"m_AlwaysRefresh":false,"showFog":true,"showSkybox":true,"showFlares":true,"showImageEffects":true,"showParticleSystems":true,"showVisualEffectGraphs":true,"m_FxEnabled":true},"in2DMode":false,"pivot":{"x":-72.71898651123047,"y":1.5390552282333375,"z":39.96840286254883},"rotation":{"x":0.008479185402393341,"y":0.04403044655919075,"z":0.010565990582108498,"w":-1.0002163648605347},"size":0.7075485587120056,"orthographic":false}