{"cameraMode":{"drawMode":0,"name":"Shaded","section":"Shading Mode"},"sceneLighting":true,"audioPlay":false,"sceneViewState":{"m_AlwaysRefresh":false,"showFog":true,"showSkybox":true,"showFlares":true,"showImageEffects":true,"showParticleSystems":true,"showVisualEffectGraphs":true,"m_FxEnabled":true},"in2DMode":false,"pivot":{"x":-1030.0982666015625,"y":-379.43133544921877,"z":264.87652587890627},"rotation":{"x":0.17737707495689393,"y":-0.6773417592048645,"z":0.15866772830486298,"w":0.6963891983032227},"size":549.2213745117188,"orthographic":false}