{"cameraMode":{"drawMode":0,"name":"Shaded","section":"Shading Mode"},"sceneLighting":true,"audioPlay":false,"sceneViewState":{"m_AlwaysRefresh":false,"showFog":true,"showSkybox":true,"showFlares":true,"showImageEffects":true,"showParticleSystems":true,"showVisualEffectGraphs":true,"m_FxEnabled":true},"in2DMode":false,"pivot":{"x":-24.837020874023439,"y":7.289297103881836,"z":27.40995216369629},"rotation":{"x":-0.014683145098388195,"y":0.9797660708427429,"z":0.013752756640315056,"w":0.20276609063148499},"size":1.2247449159622193,"orthographic":false}