{"cameraMode":{"drawMode":0,"name":"Shaded","section":"Shading Mode"},"sceneLighting":true,"audioPlay":false,"sceneViewState":{"m_AlwaysRefresh":false,"showFog":true,"showSkybox":true,"showFlares":true,"showImageEffects":true,"showParticleSystems":true,"showVisualEffectGraphs":true,"m_FxEnabled":true},"in2DMode":false,"pivot":{"x":-44.755332946777347,"y":7.160343647003174,"z":34.58393859863281},"rotation":{"x":0.027948305010795594,"y":0.9428964257240295,"z":-0.3217211961746216,"w":0.08226241916418076},"size":0.08324410766363144,"orthographic":false}