{"cameraMode":{"drawMode":0,"name":"Shaded","section":"Shading Mode"},"sceneLighting":true,"audioPlay":false,"sceneViewState":{"m_AlwaysRefresh":false,"showFog":true,"showSkybox":true,"showFlares":true,"showImageEffects":true,"showParticleSystems":true,"showVisualEffectGraphs":true,"m_FxEnabled":true},"in2DMode":false,"pivot":{"x":-84.35907745361328,"y":0.7365478277206421,"z":-127.64188385009766},"rotation":{"x":-0.03727760165929794,"y":0.10654221475124359,"z":0.004001101013273001,"w":0.9936344623565674},"size":0.06044304743409157,"orthographic":false}