{"cameraMode":{"drawMode":0,"name":"Shaded","section":"Shading Mode"},"sceneLighting":true,"audioPlay":false,"sceneViewState":{"m_AlwaysRefresh":false,"showFog":true,"showSkybox":true,"showFlares":true,"showImageEffects":true,"showParticleSystems":true,"showVisualEffectGraphs":true,"m_FxEnabled":true},"in2DMode":false,"pivot":{"x":6.880243301391602,"y":2.712050676345825,"z":-25.374513626098634},"rotation":{"x":0.0007935440517030656,"y":0.9874088764190674,"z":-0.00043634051689878106,"w":-0.15526007115840913},"size":11.691343307495118,"orthographic":false}