{"cameraMode":{"drawMode":0,"name":"Shaded","section":"Shading Mode"},"sceneLighting":true,"audioPlay":false,"sceneViewState":{"m_AlwaysRefresh":false,"showFog":true,"showSkybox":true,"showFlares":true,"showImageEffects":true,"showParticleSystems":true,"showVisualEffectGraphs":true,"m_FxEnabled":true},"in2DMode":false,"pivot":{"x":-14.355005264282227,"y":-24.80317497253418,"z":-59.14323806762695},"rotation":{"x":0.0031332706566900017,"y":-0.9858428835868836,"z":0.16749413311481477,"w":0.014906301163136959},"size":41.7721061706543,"orthographic":false}