{"cameraMode":{"drawMode":0,"name":"Shaded","section":"Shading Mode"},"sceneLighting":true,"audioPlay":false,"sceneViewState":{"m_AlwaysRefresh":false,"showFog":true,"showSkybox":true,"showFlares":true,"showImageEffects":true,"showParticleSystems":true,"showVisualEffectGraphs":true,"m_FxEnabled":true},"in2DMode":false,"pivot":{"x":15.19011402130127,"y":8.995820045471192,"z":53.057640075683597},"rotation":{"x":-0.07242091745138169,"y":-0.5850895047187805,"z":0.048588283360004428,"w":-0.8055166006088257},"size":18.137798309326173,"orthographic":false}