{"cameraMode":{"drawMode":0,"name":"Shaded","section":"Shading Mode"},"sceneLighting":true,"audioPlay":false,"sceneViewState":{"m_AlwaysRefresh":false,"showFog":true,"showSkybox":true,"showFlares":true,"showImageEffects":true,"showParticleSystems":true,"showVisualEffectGraphs":true,"m_FxEnabled":true},"in2DMode":false,"pivot":{"x":-33.410709381103519,"y":-3.7829742431640627,"z":104.39237213134766},"rotation":{"x":-0.10051101446151734,"y":-0.5098632574081421,"z":0.05970887467265129,"w":-0.8533755540847778},"size":17.320510864257814,"orthographic":false}