{"cameraMode":{"drawMode":0,"name":"Shaded","section":"Shading Mode"},"sceneLighting":true,"audioPlay":false,"sceneViewState":{"m_AlwaysRefresh":false,"showFog":true,"showSkybox":true,"showFlares":true,"showImageEffects":true,"showParticleSystems":true,"showVisualEffectGraphs":true,"m_FxEnabled":true},"in2DMode":false,"pivot":{"x":11.330962181091309,"y":2.069110155105591,"z":155.35365295410157},"rotation":{"x":-0.009075617417693138,"y":1.0000495910644532,"z":0.0013359605800360442,"w":0.010760619305074215},"size":1.2247449159622193,"orthographic":false}