{"cameraMode":{"drawMode":0,"name":"Shaded","section":"Shading Mode"},"sceneLighting":true,"audioPlay":false,"sceneViewState":{"m_AlwaysRefresh":false,"showFog":true,"showSkybox":true,"showFlares":true,"showImageEffects":true,"showParticleSystems":true,"showVisualEffectGraphs":true,"m_FxEnabled":true},"in2DMode":false,"pivot":{"x":-44.625152587890628,"y":37.7400016784668,"z":-57.58477783203125},"rotation":{"x":0.009195885621011258,"y":-0.21932664513587953,"z":0.0004926798865199089,"w":0.9767566323280335},"size":361.0643615722656,"orthographic":false}