{"cameraMode":{"drawMode":0,"name":"Shaded","section":"Shading Mode"},"sceneLighting":false,"audioPlay":false,"sceneViewState":{"m_AlwaysRefresh":false,"showFog":true,"showSkybox":false,"showFlares":true,"showImageEffects":true,"showParticleSystems":true,"showVisualEffectGraphs":true,"m_FxEnabled":true},"in2DMode":false,"pivot":{"x":11.959634780883789,"y":2.9785525798797609,"z":-2.000682830810547},"rotation":{"x":-0.05914429575204849,"y":-0.9248903393745422,"z":0.1630336344242096,"w":-0.33852043747901919},"size":0.37893036007881167,"orthographic":false}