{"cameraMode":{"drawMode":0,"name":"Shaded","section":"Shading Mode"},"sceneLighting":false,"audioPlay":false,"sceneViewState":{"m_AlwaysRefresh":false,"showFog":true,"showSkybox":false,"showFlares":true,"showImageEffects":true,"showParticleSystems":true,"showVisualEffectGraphs":true,"m_FxEnabled":true},"in2DMode":false,"pivot":{"x":-63.63142395019531,"y":-11.960417747497559,"z":244.29185485839845},"rotation":{"x":-0.004673210438340902,"y":0.9921446442604065,"z":-0.13177649676799775,"w":-0.004041353706270456},"size":117.77945709228516,"orthographic":false}