{"cameraMode":{"drawMode":0,"name":"Shaded","section":"Shading Mode"},"sceneLighting":false,"audioPlay":false,"sceneViewState":{"m_AlwaysRefresh":false,"showFog":true,"showSkybox":false,"showFlares":true,"showImageEffects":true,"showParticleSystems":true,"showVisualEffectGraphs":true,"m_FxEnabled":true},"in2DMode":false,"pivot":{"x":0.37511780858039858,"y":2.9058380126953127,"z":28.171323776245118},"rotation":{"x":-0.02665397897362709,"y":0.05992116034030914,"z":0.0012592270504683257,"w":0.9975482225418091},"size":12.12435531616211,"orthographic":false}