{"cameraMode":{"drawMode":0,"name":"Shaded","section":"Shading Mode"},"sceneLighting":false,"audioPlay":false,"sceneViewState":{"m_AlwaysRefresh":false,"showFog":true,"showSkybox":false,"showFlares":true,"showImageEffects":true,"showParticleSystems":true,"showVisualEffectGraphs":true,"m_FxEnabled":true},"in2DMode":false,"pivot":{"x":-38.459999084472659,"y":1.3899999856948853,"z":-16.700000762939454},"rotation":{"x":-0.10594066232442856,"y":0.02388673834502697,"z":0.00208908854983747,"w":0.9937782287597656},"size":0.8660253882408142,"orthographic":false}