{"cameraMode":{"drawMode":0,"name":"Shaded","section":"Shading Mode"},"sceneLighting":false,"audioPlay":false,"sceneViewState":{"m_AlwaysRefresh":false,"showFog":true,"showSkybox":false,"showFlares":true,"showImageEffects":true,"showParticleSystems":true,"showVisualEffectGraphs":true,"m_FxEnabled":true},"in2DMode":false,"pivot":{"x":-38.459999084472659,"y":1.3899999856948853,"z":-16.700000762939454},"rotation":{"x":0.05381229147315025,"y":-0.9445139169692993,"z":0.20766687393188477,"w":0.24684591591358186},"size":0.21650634706020356,"orthographic":false}